"time_id";"the_date";"the_day";"the_month";"the_year";"day_of_month";"week_of_year";"month_of_year";"quarter";"fiscal_period";"day_of_week"
367;"1997-01-01 00:00:00";"Wednesday";"January";2006;1;2;1;"Q1";"";3
368;"1997-01-02 00:00:00";"Thursday";"January";2006;2;2;1;"Q1";"";4
369;"1997-01-03 00:00:00";"Friday";"January";2006;3;2;1;"Q1";"";5
370;"1997-01-04 00:00:00";"Saturday";"January";2006;4;2;1;"Q1";"";6
371;"1997-01-05 00:00:00";"Sunday";"January";2006;5;3;1;"Q1";"";7
372;"1997-01-06 00:00:00";"Monday";"January";2006;6;3;1;"Q1";"";1
373;"1997-01-07 00:00:00";"Tuesday";"January";2006;7;3;1;"Q1";"";2
374;"1997-01-08 00:00:00";"Wednesday";"January";2006;8;3;1;"Q1";"";3
375;"1997-01-09 00:00:00";"Thursday";"January";2006;9;3;1;"Q1";"";4
376;"1997-01-10 00:00:00";"Friday";"January";2006;10;3;1;"Q1";"";5
377;"1997-01-11 00:00:00";"Saturday";"January";2006;11;3;1;"Q1";"";6
378;"1997-01-12 00:00:00";"Sunday";"January";2006;12;4;1;"Q1";"";7
379;"1997-01-13 00:00:00";"Monday";"January";2006;13;4;1;"Q1";"";1
380;"1997-01-14 00:00:00";"Tuesday";"January";2006;14;4;1;"Q1";"";2
381;"1997-01-15 00:00:00";"Wednesday";"January";2006;15;4;1;"Q1";"";3
382;"1997-01-16 00:00:00";"Thursday";"January";2006;16;4;1;"Q1";"";4
383;"1997-01-17 00:00:00";"Friday";"January";2006;17;4;1;"Q1";"";5
384;"1997-01-18 00:00:00";"Saturday";"January";2006;18;4;1;"Q1";"";6
385;"1997-01-19 00:00:00";"Sunday";"January";2006;19;5;1;"Q1";"";7
386;"1997-01-20 00:00:00";"Monday";"January";2006;20;5;1;"Q1";"";1
387;"1997-01-21 00:00:00";"Tuesday";"January";2006;21;5;1;"Q1";"";2
388;"1997-01-22 00:00:00";"Wednesday";"January";2006;22;5;1;"Q1";"";3
389;"1997-01-23 00:00:00";"Thursday";"January";2006;23;5;1;"Q1";"";4
390;"1997-01-24 00:00:00";"Friday";"January";2006;24;5;1;"Q1";"";5
391;"1997-01-25 00:00:00";"Saturday";"January";2006;25;5;1;"Q1";"";6
392;"1997-01-26 00:00:00";"Sunday";"January";2006;26;6;1;"Q1";"";7
393;"1997-01-27 00:00:00";"Monday";"January";2006;27;6;1;"Q1";"";1
394;"1997-01-28 00:00:00";"Tuesday";"January";2006;28;6;1;"Q1";"";2
395;"1997-01-29 00:00:00";"Wednesday";"January";2006;29;6;1;"Q1";"";3
396;"1997-01-30 00:00:00";"Thursday";"January";2006;30;6;1;"Q1";"";4
397;"1997-01-31 00:00:00";"Friday";"January";2006;31;6;1;"Q1";"";5
398;"1997-02-01 00:00:00";"Saturday";"February";2006;1;6;2;"Q1";"";6
399;"1997-02-02 00:00:00";"Sunday";"February";2006;2;7;2;"Q1";"";7
400;"1997-02-03 00:00:00";"Monday";"February";2006;3;7;2;"Q1";"";1
401;"1997-02-04 00:00:00";"Tuesday";"February";2006;4;7;2;"Q1";"";2
402;"1997-02-05 00:00:00";"Wednesday";"February";2006;5;7;2;"Q1";"";3
403;"1997-02-06 00:00:00";"Thursday";"February";2006;6;7;2;"Q1";"";4
404;"1997-02-07 00:00:00";"Friday";"February";2006;7;7;2;"Q1";"";5
405;"1997-02-08 00:00:00";"Saturday";"February";2006;8;7;2;"Q1";"";6
406;"1997-02-09 00:00:00";"Sunday";"February";2006;9;8;2;"Q1";"";7
407;"1997-02-10 00:00:00";"Monday";"February";2006;10;8;2;"Q1";"";1
408;"1997-02-11 00:00:00";"Tuesday";"February";2006;11;8;2;"Q1";"";2
409;"1997-02-12 00:00:00";"Wednesday";"February";2006;12;8;2;"Q1";"";3
410;"1997-02-13 00:00:00";"Thursday";"February";2006;13;8;2;"Q1";"";4
411;"1997-02-14 00:00:00";"Friday";"February";2006;14;8;2;"Q1";"";5
412;"1997-02-15 00:00:00";"Saturday";"February";2006;15;8;2;"Q1";"";6
413;"1997-02-16 00:00:00";"Sunday";"February";2006;16;9;2;"Q1";"";7
414;"1997-02-17 00:00:00";"Monday";"February";2006;17;9;2;"Q1";"";1
415;"1997-02-18 00:00:00";"Tuesday";"February";2006;18;9;2;"Q1";"";2
416;"1997-02-19 00:00:00";"Wednesday";"February";2006;19;9;2;"Q1";"";3
417;"1997-02-20 00:00:00";"Thursday";"February";2006;20;9;2;"Q1";"";4
418;"1997-02-21 00:00:00";"Friday";"February";2006;21;9;2;"Q1";"";5
419;"1997-02-22 00:00:00";"Saturday";"February";2006;22;9;2;"Q1";"";6
420;"1997-02-23 00:00:00";"Sunday";"February";2006;23;10;2;"Q1";"";7
421;"1997-02-24 00:00:00";"Monday";"February";2006;24;10;2;"Q1";"";1
422;"1997-02-25 00:00:00";"Tuesday";"February";2006;25;10;2;"Q1";"";2
423;"1997-02-26 00:00:00";"Wednesday";"February";2006;26;10;2;"Q1";"";3
424;"1997-02-27 00:00:00";"Thursday";"February";2006;27;10;2;"Q1";"";4
425;"1997-02-28 00:00:00";"Friday";"February";2006;28;10;2;"Q1";"";5
426;"1997-03-01 00:00:00";"Saturday";"March";2006;1;10;3;"Q1";"";6
427;"1997-03-02 00:00:00";"Sunday";"March";2006;2;11;3;"Q1";"";7
428;"1997-03-03 00:00:00";"Monday";"March";2006;3;11;3;"Q1";"";1
429;"1997-03-04 00:00:00";"Tuesday";"March";2006;4;11;3;"Q1";"";2
430;"1997-03-05 00:00:00";"Wednesday";"March";2006;5;11;3;"Q1";"";3
431;"1997-03-06 00:00:00";"Thursday";"March";2006;6;11;3;"Q1";"";4
432;"1997-03-07 00:00:00";"Friday";"March";2006;7;11;3;"Q1";"";5
433;"1997-03-08 00:00:00";"Saturday";"March";2006;8;11;3;"Q1";"";6
434;"1997-03-09 00:00:00";"Sunday";"March";2006;9;12;3;"Q1";"";7
435;"1997-03-10 00:00:00";"Monday";"March";2006;10;12;3;"Q1";"";1
436;"1997-03-11 00:00:00";"Tuesday";"March";2006;11;12;3;"Q1";"";2
437;"1997-03-12 00:00:00";"Wednesday";"March";2006;12;12;3;"Q1";"";3
438;"1997-03-13 00:00:00";"Thursday";"March";2006;13;12;3;"Q1";"";4
439;"1997-03-14 00:00:00";"Friday";"March";2006;14;12;3;"Q1";"";5
440;"1997-03-15 00:00:00";"Saturday";"March";2006;15;12;3;"Q1";"";6
441;"1997-03-16 00:00:00";"Sunday";"March";2006;16;13;3;"Q1";"";7
442;"1997-03-17 00:00:00";"Monday";"March";2006;17;13;3;"Q1";"";1
443;"1997-03-18 00:00:00";"Tuesday";"March";2006;18;13;3;"Q1";"";2
444;"1997-03-19 00:00:00";"Wednesday";"March";2006;19;13;3;"Q1";"";3
445;"1997-03-20 00:00:00";"Thursday";"March";2006;20;13;3;"Q1";"";4
446;"1997-03-21 00:00:00";"Friday";"March";2006;21;13;3;"Q1";"";5
447;"1997-03-22 00:00:00";"Saturday";"March";2006;22;13;3;"Q1";"";6
448;"1997-03-23 00:00:00";"Sunday";"March";2006;23;14;3;"Q1";"";7
449;"1997-03-24 00:00:00";"Monday";"March";2006;24;14;3;"Q1";"";1
450;"1997-03-25 00:00:00";"Tuesday";"March";2006;25;14;3;"Q1";"";2
451;"1997-03-26 00:00:00";"Wednesday";"March";2006;26;14;3;"Q1";"";3
452;"1997-03-27 00:00:00";"Thursday";"March";2006;27;14;3;"Q1";"";4
453;"1997-03-28 00:00:00";"Friday";"March";2006;28;14;3;"Q1";"";5
454;"1997-03-29 00:00:00";"Saturday";"March";2006;29;14;3;"Q1";"";6
455;"1997-03-30 00:00:00";"Sunday";"March";2006;30;15;3;"Q1";"";7
456;"1997-03-31 00:00:00";"Monday";"March";2006;31;15;3;"Q1";"";1
457;"1997-04-01 00:00:00";"Tuesday";"April";2006;1;15;4;"Q2";"";2
458;"1997-04-02 00:00:00";"Wednesday";"April";2006;2;15;4;"Q2";"";3
459;"1997-04-03 00:00:00";"Thursday";"April";2006;3;15;4;"Q2";"";4
460;"1997-04-04 00:00:00";"Friday";"April";2006;4;15;4;"Q2";"";5
461;"1997-04-05 00:00:00";"Saturday";"April";2006;5;15;4;"Q2";"";6
462;"1997-04-06 00:00:00";"Sunday";"April";2006;6;16;4;"Q2";"";7
463;"1997-04-07 00:00:00";"Monday";"April";2006;7;16;4;"Q2";"";1
464;"1997-04-08 00:00:00";"Tuesday";"April";2006;8;16;4;"Q2";"";2
465;"1997-04-09 00:00:00";"Wednesday";"April";2006;9;16;4;"Q2";"";3
466;"1997-04-10 00:00:00";"Thursday";"April";2006;10;16;4;"Q2";"";4
467;"1997-04-11 00:00:00";"Friday";"April";2006;11;16;4;"Q2";"";5
468;"1997-04-12 00:00:00";"Saturday";"April";2006;12;16;4;"Q2";"";6
469;"1997-04-13 00:00:00";"Sunday";"April";2006;13;17;4;"Q2";"";7
470;"1997-04-14 00:00:00";"Monday";"April";2006;14;17;4;"Q2";"";1
471;"1997-04-15 00:00:00";"Tuesday";"April";2006;15;17;4;"Q2";"";2
472;"1997-04-16 00:00:00";"Wednesday";"April";2006;16;17;4;"Q2";"";3
473;"1997-04-17 00:00:00";"Thursday";"April";2006;17;17;4;"Q2";"";4
474;"1997-04-18 00:00:00";"Friday";"April";2006;18;17;4;"Q2";"";5
475;"1997-04-19 00:00:00";"Saturday";"April";2006;19;17;4;"Q2";"";6
476;"1997-04-20 00:00:00";"Sunday";"April";2006;20;18;4;"Q2";"";7
477;"1997-04-21 00:00:00";"Monday";"April";2006;21;18;4;"Q2";"";1
478;"1997-04-22 00:00:00";"Tuesday";"April";2006;22;18;4;"Q2";"";2
479;"1997-04-23 00:00:00";"Wednesday";"April";2006;23;18;4;"Q2";"";3
480;"1997-04-24 00:00:00";"Thursday";"April";2006;24;18;4;"Q2";"";4
481;"1997-04-25 00:00:00";"Friday";"April";2006;25;18;4;"Q2";"";5
482;"1997-04-26 00:00:00";"Saturday";"April";2006;26;18;4;"Q2";"";6
483;"1997-04-27 00:00:00";"Sunday";"April";2006;27;19;4;"Q2";"";7
484;"1997-04-28 00:00:00";"Monday";"April";2006;28;19;4;"Q2";"";1
485;"1997-04-29 00:00:00";"Tuesday";"April";2006;29;19;4;"Q2";"";2
486;"1997-04-30 00:00:00";"Wednesday";"April";2006;30;19;4;"Q2";"";3
487;"1997-05-01 00:00:00";"Thursday";"May";2006;1;19;5;"Q2";"";4
488;"1997-05-02 00:00:00";"Friday";"May";2006;2;19;5;"Q2";"";5
489;"1997-05-03 00:00:00";"Saturday";"May";2006;3;19;5;"Q2";"";6
490;"1997-05-04 00:00:00";"Sunday";"May";2006;4;20;5;"Q2";"";7
491;"1997-05-05 00:00:00";"Monday";"May";2006;5;20;5;"Q2";"";1
492;"1997-05-06 00:00:00";"Tuesday";"May";2006;6;20;5;"Q2";"";2
493;"1997-05-07 00:00:00";"Wednesday";"May";2006;7;20;5;"Q2";"";3
494;"1997-05-08 00:00:00";"Thursday";"May";2006;8;20;5;"Q2";"";4
495;"1997-05-09 00:00:00";"Friday";"May";2006;9;20;5;"Q2";"";5
496;"1997-05-10 00:00:00";"Saturday";"May";2006;10;20;5;"Q2";"";6
497;"1997-05-11 00:00:00";"Sunday";"May";2006;11;21;5;"Q2";"";7
498;"1997-05-12 00:00:00";"Monday";"May";2006;12;21;5;"Q2";"";1
499;"1997-05-13 00:00:00";"Tuesday";"May";2006;13;21;5;"Q2";"";2
500;"1997-05-14 00:00:00";"Wednesday";"May";2006;14;21;5;"Q2";"";3
501;"1997-05-15 00:00:00";"Thursday";"May";2006;15;21;5;"Q2";"";4
502;"1997-05-16 00:00:00";"Friday";"May";2006;16;21;5;"Q2";"";5
503;"1997-05-17 00:00:00";"Saturday";"May";2006;17;21;5;"Q2";"";6
504;"1997-05-18 00:00:00";"Sunday";"May";2006;18;22;5;"Q2";"";7
505;"1997-05-19 00:00:00";"Monday";"May";2006;19;22;5;"Q2";"";1
506;"1997-05-20 00:00:00";"Tuesday";"May";2006;20;22;5;"Q2";"";2
507;"1997-05-21 00:00:00";"Wednesday";"May";2006;21;22;5;"Q2";"";3
508;"1997-05-22 00:00:00";"Thursday";"May";2006;22;22;5;"Q2";"";4
509;"1997-05-23 00:00:00";"Friday";"May";2006;23;22;5;"Q2";"";5
510;"1997-05-24 00:00:00";"Saturday";"May";2006;24;22;5;"Q2";"";6
511;"1997-05-25 00:00:00";"Sunday";"May";2006;25;23;5;"Q2";"";7
512;"1997-05-26 00:00:00";"Monday";"May";2006;26;23;5;"Q2";"";1
513;"1997-05-27 00:00:00";"Tuesday";"May";2006;27;23;5;"Q2";"";2
514;"1997-05-28 00:00:00";"Wednesday";"May";2006;28;23;5;"Q2";"";3
515;"1997-05-29 00:00:00";"Thursday";"May";2006;29;23;5;"Q2";"";4
516;"1997-05-30 00:00:00";"Friday";"May";2006;30;23;5;"Q2";"";5
517;"1997-05-31 00:00:00";"Saturday";"May";2006;31;23;5;"Q2";"";6
518;"1997-06-01 00:00:00";"Sunday";"June";2006;1;24;6;"Q2";"";7
519;"1997-06-02 00:00:00";"Monday";"June";2006;2;24;6;"Q2";"";1
520;"1997-06-03 00:00:00";"Tuesday";"June";2006;3;24;6;"Q2";"";2
521;"1997-06-04 00:00:00";"Wednesday";"June";2006;4;24;6;"Q2";"";3
522;"1997-06-05 00:00:00";"Thursday";"June";2006;5;24;6;"Q2";"";4
523;"1997-06-06 00:00:00";"Friday";"June";2006;6;24;6;"Q2";"";5
524;"1997-06-07 00:00:00";"Saturday";"June";2006;7;24;6;"Q2";"";6
525;"1997-06-08 00:00:00";"Sunday";"June";2006;8;25;6;"Q2";"";7
526;"1997-06-09 00:00:00";"Monday";"June";2006;9;25;6;"Q2";"";1
527;"1997-06-10 00:00:00";"Tuesday";"June";2006;10;25;6;"Q2";"";2
528;"1997-06-11 00:00:00";"Wednesday";"June";2006;11;25;6;"Q2";"";3
529;"1997-06-12 00:00:00";"Thursday";"June";2006;12;25;6;"Q2";"";4
530;"1997-06-13 00:00:00";"Friday";"June";2006;13;25;6;"Q2";"";5
531;"1997-06-14 00:00:00";"Saturday";"June";2006;14;25;6;"Q2";"";6
532;"1997-06-15 00:00:00";"Sunday";"June";2006;15;26;6;"Q2";"";7
533;"1997-06-16 00:00:00";"Monday";"June";2006;16;26;6;"Q2";"";1
534;"1997-06-17 00:00:00";"Tuesday";"June";2006;17;26;6;"Q2";"";2
535;"1997-06-18 00:00:00";"Wednesday";"June";2006;18;26;6;"Q2";"";3
536;"1997-06-19 00:00:00";"Thursday";"June";2006;19;26;6;"Q2";"";4
537;"1997-06-20 00:00:00";"Friday";"June";2006;20;26;6;"Q2";"";5
538;"1997-06-21 00:00:00";"Saturday";"June";2006;21;26;6;"Q2";"";6
539;"1997-06-22 00:00:00";"Sunday";"June";2006;22;27;6;"Q2";"";7
540;"1997-06-23 00:00:00";"Monday";"June";2006;23;27;6;"Q2";"";1
541;"1997-06-24 00:00:00";"Tuesday";"June";2006;24;27;6;"Q2";"";2
542;"1997-06-25 00:00:00";"Wednesday";"June";2006;25;27;6;"Q2";"";3
543;"1997-06-26 00:00:00";"Thursday";"June";2006;26;27;6;"Q2";"";4
544;"1997-06-27 00:00:00";"Friday";"June";2006;27;27;6;"Q2";"";5
545;"1997-06-28 00:00:00";"Saturday";"June";2006;28;27;6;"Q2";"";6
546;"1997-06-29 00:00:00";"Sunday";"June";2006;29;28;6;"Q2";"";7
547;"1997-06-30 00:00:00";"Monday";"June";2006;30;28;6;"Q2";"";1
548;"1997-07-01 00:00:00";"Tuesday";"July";2006;1;28;7;"Q3";"";2
549;"1997-07-02 00:00:00";"Wednesday";"July";2006;2;28;7;"Q3";"";3
550;"1997-07-03 00:00:00";"Thursday";"July";2006;3;28;7;"Q3";"";4
551;"1997-07-04 00:00:00";"Friday";"July";2006;4;28;7;"Q3";"";5
552;"1997-07-05 00:00:00";"Saturday";"July";2006;5;28;7;"Q3";"";6
553;"1997-07-06 00:00:00";"Sunday";"July";2006;6;29;7;"Q3";"";7
554;"1997-07-07 00:00:00";"Monday";"July";2006;7;29;7;"Q3";"";1
555;"1997-07-08 00:00:00";"Tuesday";"July";2006;8;29;7;"Q3";"";2
556;"1997-07-09 00:00:00";"Wednesday";"July";2006;9;29;7;"Q3";"";3
557;"1997-07-10 00:00:00";"Thursday";"July";2006;10;29;7;"Q3";"";4
558;"1997-07-11 00:00:00";"Friday";"July";2006;11;29;7;"Q3";"";5
559;"1997-07-12 00:00:00";"Saturday";"July";2006;12;29;7;"Q3";"";6
560;"1997-07-13 00:00:00";"Sunday";"July";2006;13;30;7;"Q3";"";7
561;"1997-07-14 00:00:00";"Monday";"July";2006;14;30;7;"Q3";"";1
562;"1997-07-15 00:00:00";"Tuesday";"July";2006;15;30;7;"Q3";"";2
563;"1997-07-16 00:00:00";"Wednesday";"July";2006;16;30;7;"Q3";"";3
564;"1997-07-17 00:00:00";"Thursday";"July";2006;17;30;7;"Q3";"";4
565;"1997-07-18 00:00:00";"Friday";"July";2006;18;30;7;"Q3";"";5
566;"1997-07-19 00:00:00";"Saturday";"July";2006;19;30;7;"Q3";"";6
567;"1997-07-20 00:00:00";"Sunday";"July";2006;20;31;7;"Q3";"";7
568;"1997-07-21 00:00:00";"Monday";"July";2006;21;31;7;"Q3";"";1
569;"1997-07-22 00:00:00";"Tuesday";"July";2006;22;31;7;"Q3";"";2
570;"1997-07-23 00:00:00";"Wednesday";"July";2006;23;31;7;"Q3";"";3
571;"1997-07-24 00:00:00";"Thursday";"July";2006;24;31;7;"Q3";"";4
572;"1997-07-25 00:00:00";"Friday";"July";2006;25;31;7;"Q3";"";5
573;"1997-07-26 00:00:00";"Saturday";"July";2006;26;31;7;"Q3";"";6
574;"1997-07-27 00:00:00";"Sunday";"July";2006;27;32;7;"Q3";"";7
575;"1997-07-28 00:00:00";"Monday";"July";2006;28;32;7;"Q3";"";1
576;"1997-07-29 00:00:00";"Tuesday";"July";2006;29;32;7;"Q3";"";2
577;"1997-07-30 00:00:00";"Wednesday";"July";2006;30;32;7;"Q3";"";3
578;"1997-07-31 00:00:00";"Thursday";"July";2006;31;32;7;"Q3";"";4
579;"1997-08-01 00:00:00";"Friday";"August";2006;1;32;8;"Q3";"";5
580;"1997-08-02 00:00:00";"Saturday";"August";2006;2;32;8;"Q3";"";6
581;"1997-08-03 00:00:00";"Sunday";"August";2006;3;33;8;"Q3";"";7
582;"1997-08-04 00:00:00";"Monday";"August";2006;4;33;8;"Q3";"";1
583;"1997-08-05 00:00:00";"Tuesday";"August";2006;5;33;8;"Q3";"";2
584;"1997-08-06 00:00:00";"Wednesday";"August";2006;6;33;8;"Q3";"";3
585;"1997-08-07 00:00:00";"Thursday";"August";2006;7;33;8;"Q3";"";4
586;"1997-08-08 00:00:00";"Friday";"August";2006;8;33;8;"Q3";"";5
587;"1997-08-09 00:00:00";"Saturday";"August";2006;9;33;8;"Q3";"";6
588;"1997-08-10 00:00:00";"Sunday";"August";2006;10;34;8;"Q3";"";7
589;"1997-08-11 00:00:00";"Monday";"August";2006;11;34;8;"Q3";"";1
590;"1997-08-12 00:00:00";"Tuesday";"August";2006;12;34;8;"Q3";"";2
591;"1997-08-13 00:00:00";"Wednesday";"August";2006;13;34;8;"Q3";"";3
592;"1997-08-14 00:00:00";"Thursday";"August";2006;14;34;8;"Q3";"";4
593;"1997-08-15 00:00:00";"Friday";"August";2006;15;34;8;"Q3";"";5
594;"1997-08-16 00:00:00";"Saturday";"August";2006;16;34;8;"Q3";"";6
595;"1997-08-17 00:00:00";"Sunday";"August";2006;17;35;8;"Q3";"";7
596;"1997-08-18 00:00:00";"Monday";"August";2006;18;35;8;"Q3";"";1
597;"1997-08-19 00:00:00";"Tuesday";"August";2006;19;35;8;"Q3";"";2
598;"1997-08-20 00:00:00";"Wednesday";"August";2006;20;35;8;"Q3";"";3
599;"1997-08-21 00:00:00";"Thursday";"August";2006;21;35;8;"Q3";"";4
600;"1997-08-22 00:00:00";"Friday";"August";2006;22;35;8;"Q3";"";5
601;"1997-08-23 00:00:00";"Saturday";"August";2006;23;35;8;"Q3";"";6
602;"1997-08-24 00:00:00";"Sunday";"August";2006;24;36;8;"Q3";"";7
603;"1997-08-25 00:00:00";"Monday";"August";2006;25;36;8;"Q3";"";1
604;"1997-08-26 00:00:00";"Tuesday";"August";2006;26;36;8;"Q3";"";2
605;"1997-08-27 00:00:00";"Wednesday";"August";2006;27;36;8;"Q3";"";3
606;"1997-08-28 00:00:00";"Thursday";"August";2006;28;36;8;"Q3";"";4
607;"1997-08-29 00:00:00";"Friday";"August";2006;29;36;8;"Q3";"";5
608;"1997-08-30 00:00:00";"Saturday";"August";2006;30;36;8;"Q3";"";6
609;"1997-08-31 00:00:00";"Sunday";"August";2006;31;37;8;"Q3";"";7
610;"1997-09-01 00:00:00";"Monday";"September";2006;1;37;9;"Q3";"";1
611;"1997-09-02 00:00:00";"Tuesday";"September";2006;2;37;9;"Q3";"";2
612;"1997-09-03 00:00:00";"Wednesday";"September";2006;3;37;9;"Q3";"";3
613;"1997-09-04 00:00:00";"Thursday";"September";2006;4;37;9;"Q3";"";4
614;"1997-09-05 00:00:00";"Friday";"September";2006;5;37;9;"Q3";"";5
615;"1997-09-06 00:00:00";"Saturday";"September";2006;6;37;9;"Q3";"";6
616;"1997-09-07 00:00:00";"Sunday";"September";2006;7;38;9;"Q3";"";7
617;"1997-09-08 00:00:00";"Monday";"September";2006;8;38;9;"Q3";"";1
618;"1997-09-09 00:00:00";"Tuesday";"September";2006;9;38;9;"Q3";"";2
619;"1997-09-10 00:00:00";"Wednesday";"September";2006;10;38;9;"Q3";"";3
620;"1997-09-11 00:00:00";"Thursday";"September";2006;11;38;9;"Q3";"";4
621;"1997-09-12 00:00:00";"Friday";"September";2006;12;38;9;"Q3";"";5
622;"1997-09-13 00:00:00";"Saturday";"September";2006;13;38;9;"Q3";"";6
623;"1997-09-14 00:00:00";"Sunday";"September";2006;14;39;9;"Q3";"";7
624;"1997-09-15 00:00:00";"Monday";"September";2006;15;39;9;"Q3";"";1
625;"1997-09-16 00:00:00";"Tuesday";"September";2006;16;39;9;"Q3";"";2
626;"1997-09-17 00:00:00";"Wednesday";"September";2006;17;39;9;"Q3";"";3
627;"1997-09-18 00:00:00";"Thursday";"September";2006;18;39;9;"Q3";"";4
628;"1997-09-19 00:00:00";"Friday";"September";2006;19;39;9;"Q3";"";5
629;"1997-09-20 00:00:00";"Saturday";"September";2006;20;39;9;"Q3";"";6
630;"1997-09-21 00:00:00";"Sunday";"September";2006;21;40;9;"Q3";"";7
631;"1997-09-22 00:00:00";"Monday";"September";2006;22;40;9;"Q3";"";1
632;"1997-09-23 00:00:00";"Tuesday";"September";2006;23;40;9;"Q3";"";2
633;"1997-09-24 00:00:00";"Wednesday";"September";2006;24;40;9;"Q3";"";3
634;"1997-09-25 00:00:00";"Thursday";"September";2006;25;40;9;"Q3";"";4
635;"1997-09-26 00:00:00";"Friday";"September";2006;26;40;9;"Q3";"";5
636;"1997-09-27 00:00:00";"Saturday";"September";2006;27;40;9;"Q3";"";6
637;"1997-09-28 00:00:00";"Sunday";"September";2006;28;41;9;"Q3";"";7
638;"1997-09-29 00:00:00";"Monday";"September";2006;29;41;9;"Q3";"";1
639;"1997-09-30 00:00:00";"Tuesday";"September";2006;30;41;9;"Q3";"";2
640;"1997-10-01 00:00:00";"Wednesday";"October";2006;1;41;10;"Q4";"";3
641;"1997-10-02 00:00:00";"Thursday";"October";2006;2;41;10;"Q4";"";4
642;"1997-10-03 00:00:00";"Friday";"October";2006;3;41;10;"Q4";"";5
643;"1997-10-04 00:00:00";"Saturday";"October";2006;4;41;10;"Q4";"";6
644;"1997-10-05 00:00:00";"Sunday";"October";2006;5;42;10;"Q4";"";7
645;"1997-10-06 00:00:00";"Monday";"October";2006;6;42;10;"Q4";"";1
646;"1997-10-07 00:00:00";"Tuesday";"October";2006;7;42;10;"Q4";"";2
647;"1997-10-08 00:00:00";"Wednesday";"October";2006;8;42;10;"Q4";"";3
648;"1997-10-09 00:00:00";"Thursday";"October";2006;9;42;10;"Q4";"";4
649;"1997-10-10 00:00:00";"Friday";"October";2006;10;42;10;"Q4";"";5
650;"1997-10-11 00:00:00";"Saturday";"October";2006;11;42;10;"Q4";"";6
651;"1997-10-12 00:00:00";"Sunday";"October";2006;12;43;10;"Q4";"";7
652;"1997-10-13 00:00:00";"Monday";"October";2006;13;43;10;"Q4";"";1
653;"1997-10-14 00:00:00";"Tuesday";"October";2006;14;43;10;"Q4";"";2
654;"1997-10-15 00:00:00";"Wednesday";"October";2006;15;43;10;"Q4";"";3
655;"1997-10-16 00:00:00";"Thursday";"October";2006;16;43;10;"Q4";"";4
656;"1997-10-17 00:00:00";"Friday";"October";2006;17;43;10;"Q4";"";5
657;"1997-10-18 00:00:00";"Saturday";"October";2006;18;43;10;"Q4";"";6
658;"1997-10-19 00:00:00";"Sunday";"October";2006;19;44;10;"Q4";"";7
659;"1997-10-20 00:00:00";"Monday";"October";2006;20;44;10;"Q4";"";1
660;"1997-10-21 00:00:00";"Tuesday";"October";2006;21;44;10;"Q4";"";2
661;"1997-10-22 00:00:00";"Wednesday";"October";2006;22;44;10;"Q4";"";3
662;"1997-10-23 00:00:00";"Thursday";"October";2006;23;44;10;"Q4";"";4
663;"1997-10-24 00:00:00";"Friday";"October";2006;24;44;10;"Q4";"";5
664;"1997-10-25 00:00:00";"Saturday";"October";2006;25;44;10;"Q4";"";6
665;"1997-10-26 00:00:00";"Sunday";"October";2006;26;45;10;"Q4";"";7
666;"1997-10-27 00:00:00";"Monday";"October";2006;27;45;10;"Q4";"";1
667;"1997-10-28 00:00:00";"Tuesday";"October";2006;28;45;10;"Q4";"";2
668;"1997-10-29 00:00:00";"Wednesday";"October";2006;29;45;10;"Q4";"";3
669;"1997-10-30 00:00:00";"Thursday";"October";2006;30;45;10;"Q4";"";4
670;"1997-10-31 00:00:00";"Friday";"October";2006;31;45;10;"Q4";"";5
671;"1997-11-01 00:00:00";"Saturday";"November";2006;1;45;11;"Q4";"";6
672;"1997-11-02 00:00:00";"Sunday";"November";2006;2;46;11;"Q4";"";7
673;"1997-11-03 00:00:00";"Monday";"November";2006;3;46;11;"Q4";"";1
674;"1997-11-04 00:00:00";"Tuesday";"November";2006;4;46;11;"Q4";"";2
675;"1997-11-05 00:00:00";"Wednesday";"November";2006;5;46;11;"Q4";"";3
676;"1997-11-06 00:00:00";"Thursday";"November";2006;6;46;11;"Q4";"";4
677;"1997-11-07 00:00:00";"Friday";"November";2006;7;46;11;"Q4";"";5
678;"1997-11-08 00:00:00";"Saturday";"November";2006;8;46;11;"Q4";"";6
679;"1997-11-09 00:00:00";"Sunday";"November";2006;9;47;11;"Q4";"";7
680;"1997-11-10 00:00:00";"Monday";"November";2006;10;47;11;"Q4";"";1
681;"1997-11-11 00:00:00";"Tuesday";"November";2006;11;47;11;"Q4";"";2
682;"1997-11-12 00:00:00";"Wednesday";"November";2006;12;47;11;"Q4";"";3
683;"1997-11-13 00:00:00";"Thursday";"November";2006;13;47;11;"Q4";"";4
684;"1997-11-14 00:00:00";"Friday";"November";2006;14;47;11;"Q4";"";5
685;"1997-11-15 00:00:00";"Saturday";"November";2006;15;47;11;"Q4";"";6
686;"1997-11-16 00:00:00";"Sunday";"November";2006;16;48;11;"Q4";"";7
687;"1997-11-17 00:00:00";"Monday";"November";2006;17;48;11;"Q4";"";1
688;"1997-11-18 00:00:00";"Tuesday";"November";2006;18;48;11;"Q4";"";2
689;"1997-11-19 00:00:00";"Wednesday";"November";2006;19;48;11;"Q4";"";3
690;"1997-11-20 00:00:00";"Thursday";"November";2006;20;48;11;"Q4";"";4
691;"1997-11-21 00:00:00";"Friday";"November";2006;21;48;11;"Q4";"";5
692;"1997-11-22 00:00:00";"Saturday";"November";2006;22;48;11;"Q4";"";6
693;"1997-11-23 00:00:00";"Sunday";"November";2006;23;49;11;"Q4";"";7
694;"1997-11-24 00:00:00";"Monday";"November";2006;24;49;11;"Q4";"";1
695;"1997-11-25 00:00:00";"Tuesday";"November";2006;25;49;11;"Q4";"";2
696;"1997-11-26 00:00:00";"Wednesday";"November";2006;26;49;11;"Q4";"";3
697;"1997-11-27 00:00:00";"Thursday";"November";2006;27;49;11;"Q4";"";4
698;"1997-11-28 00:00:00";"Friday";"November";2006;28;49;11;"Q4";"";5
699;"1997-11-29 00:00:00";"Saturday";"November";2006;29;49;11;"Q4";"";6
700;"1997-11-30 00:00:00";"Sunday";"November";2006;30;50;11;"Q4";"";7
701;"1997-12-01 00:00:00";"Monday";"December";2006;1;50;12;"Q4";"";1
702;"1997-12-02 00:00:00";"Tuesday";"December";2006;2;50;12;"Q4";"";2
703;"1997-12-03 00:00:00";"Wednesday";"December";2006;3;50;12;"Q4";"";3
704;"1997-12-04 00:00:00";"Thursday";"December";2006;4;50;12;"Q4";"";4
705;"1997-12-05 00:00:00";"Friday";"December";2006;5;50;12;"Q4";"";5
706;"1997-12-06 00:00:00";"Saturday";"December";2006;6;50;12;"Q4";"";6
707;"1997-12-07 00:00:00";"Sunday";"December";2006;7;51;12;"Q4";"";7
708;"1997-12-08 00:00:00";"Monday";"December";2006;8;51;12;"Q4";"";1
709;"1997-12-09 00:00:00";"Tuesday";"December";2006;9;51;12;"Q4";"";2
710;"1997-12-10 00:00:00";"Wednesday";"December";2006;10;51;12;"Q4";"";3
711;"1997-12-11 00:00:00";"Thursday";"December";2006;11;51;12;"Q4";"";4
712;"1997-12-12 00:00:00";"Friday";"December";2006;12;51;12;"Q4";"";5
713;"1997-12-13 00:00:00";"Saturday";"December";2006;13;51;12;"Q4";"";6
714;"1997-12-14 00:00:00";"Sunday";"December";2006;14;52;12;"Q4";"";7
715;"1997-12-15 00:00:00";"Monday";"December";2006;15;1;12;"Q4";"";1
716;"1997-12-16 00:00:00";"Tuesday";"December";2006;16;1;12;"Q4";"";2
717;"1997-12-17 00:00:00";"Wednesday";"December";2006;17;1;12;"Q4";"";3
718;"1997-12-18 00:00:00";"Thursday";"December";2006;18;1;12;"Q4";"";4
719;"1997-12-19 00:00:00";"Friday";"December";2006;19;1;12;"Q4";"";5
720;"1997-12-20 00:00:00";"Saturday";"December";2006;20;1;12;"Q4";"";6
721;"1997-12-21 00:00:00";"Sunday";"December";2006;21;2;12;"Q4";"";7
722;"1997-12-22 00:00:00";"Monday";"December";2006;22;2;12;"Q4";"";1
723;"1997-12-23 00:00:00";"Tuesday";"December";2006;23;2;12;"Q4";"";2
724;"1997-12-24 00:00:00";"Wednesday";"December";2006;24;2;12;"Q4";"";3
725;"1997-12-25 00:00:00";"Thursday";"December";2006;25;2;12;"Q4";"";4
726;"1997-12-26 00:00:00";"Friday";"December";2006;26;2;12;"Q4";"";5
727;"1997-12-27 00:00:00";"Saturday";"December";2006;27;2;12;"Q4";"";6
728;"1997-12-28 00:00:00";"Sunday";"December";2006;28;3;12;"Q4";"";7
729;"1997-12-29 00:00:00";"Monday";"December";2006;29;3;12;"Q4";"";1
730;"1997-12-30 00:00:00";"Tuesday";"December";2006;30;3;12;"Q4";"";2
731;"1997-12-31 00:00:00";"Wednesday";"December";2006;31;3;12;"Q4";"";3
732;"1998-01-01 00:00:00";"Thursday";"January";2007;1;3;1;"Q1";"";4
733;"1998-01-02 00:00:00";"Friday";"January";2007;2;3;1;"Q1";"";5
734;"1998-01-03 00:00:00";"Saturday";"January";2007;3;3;1;"Q1";"";6
735;"1998-01-04 00:00:00";"Sunday";"January";2007;4;4;1;"Q1";"";7
736;"1998-01-05 00:00:00";"Monday";"January";2007;5;4;1;"Q1";"";1
737;"1998-01-06 00:00:00";"Tuesday";"January";2007;6;4;1;"Q1";"";2
738;"1998-01-07 00:00:00";"Wednesday";"January";2007;7;4;1;"Q1";"";3
739;"1998-01-08 00:00:00";"Thursday";"January";2007;8;4;1;"Q1";"";4
740;"1998-01-09 00:00:00";"Friday";"January";2007;9;4;1;"Q1";"";5
741;"1998-01-10 00:00:00";"Saturday";"January";2007;10;4;1;"Q1";"";6
742;"1998-01-11 00:00:00";"Sunday";"January";2007;11;5;1;"Q1";"";7
743;"1998-01-12 00:00:00";"Monday";"January";2007;12;5;1;"Q1";"";1
744;"1998-01-13 00:00:00";"Tuesday";"January";2007;13;5;1;"Q1";"";2
745;"1998-01-14 00:00:00";"Wednesday";"January";2007;14;5;1;"Q1";"";3
746;"1998-01-15 00:00:00";"Thursday";"January";2007;15;5;1;"Q1";"";4
747;"1998-01-16 00:00:00";"Friday";"January";2007;16;5;1;"Q1";"";5
748;"1998-01-17 00:00:00";"Saturday";"January";2007;17;5;1;"Q1";"";6
749;"1998-01-18 00:00:00";"Sunday";"January";2007;18;6;1;"Q1";"";7
750;"1998-01-19 00:00:00";"Monday";"January";2007;19;6;1;"Q1";"";1
751;"1998-01-20 00:00:00";"Tuesday";"January";2007;20;6;1;"Q1";"";2
752;"1998-01-21 00:00:00";"Wednesday";"January";2007;21;6;1;"Q1";"";3
753;"1998-01-22 00:00:00";"Thursday";"January";2007;22;6;1;"Q1";"";4
754;"1998-01-23 00:00:00";"Friday";"January";2007;23;6;1;"Q1";"";5
755;"1998-01-24 00:00:00";"Saturday";"January";2007;24;6;1;"Q1";"";6
756;"1998-01-25 00:00:00";"Sunday";"January";2007;25;7;1;"Q1";"";7
757;"1998-01-26 00:00:00";"Monday";"January";2007;26;7;1;"Q1";"";1
758;"1998-01-27 00:00:00";"Tuesday";"January";2007;27;7;1;"Q1";"";2
759;"1998-01-28 00:00:00";"Wednesday";"January";2007;28;7;1;"Q1";"";3
760;"1998-01-29 00:00:00";"Thursday";"January";2007;29;7;1;"Q1";"";4
761;"1998-01-30 00:00:00";"Friday";"January";2007;30;7;1;"Q1";"";5
762;"1998-01-31 00:00:00";"Saturday";"January";2007;31;7;1;"Q1";"";6
763;"1998-02-01 00:00:00";"Sunday";"February";2007;1;8;2;"Q1";"";7
764;"1998-02-02 00:00:00";"Monday";"February";2007;2;8;2;"Q1";"";1
765;"1998-02-03 00:00:00";"Tuesday";"February";2007;3;8;2;"Q1";"";2
766;"1998-02-04 00:00:00";"Wednesday";"February";2007;4;8;2;"Q1";"";3
767;"1998-02-05 00:00:00";"Thursday";"February";2007;5;8;2;"Q1";"";4
768;"1998-02-06 00:00:00";"Friday";"February";2007;6;8;2;"Q1";"";5
769;"1998-02-07 00:00:00";"Saturday";"February";2007;7;8;2;"Q1";"";6
770;"1998-02-08 00:00:00";"Sunday";"February";2007;8;9;2;"Q1";"";7
771;"1998-02-09 00:00:00";"Monday";"February";2007;9;9;2;"Q1";"";1
772;"1998-02-10 00:00:00";"Tuesday";"February";2007;10;9;2;"Q1";"";2
773;"1998-02-11 00:00:00";"Wednesday";"February";2007;11;9;2;"Q1";"";3
774;"1998-02-12 00:00:00";"Thursday";"February";2007;12;9;2;"Q1";"";4
775;"1998-02-13 00:00:00";"Friday";"February";2007;13;9;2;"Q1";"";5
776;"1998-02-14 00:00:00";"Saturday";"February";2007;14;9;2;"Q1";"";6
777;"1998-02-15 00:00:00";"Sunday";"February";2007;15;10;2;"Q1";"";7
778;"1998-02-16 00:00:00";"Monday";"February";2007;16;10;2;"Q1";"";1
779;"1998-02-17 00:00:00";"Tuesday";"February";2007;17;10;2;"Q1";"";2
780;"1998-02-18 00:00:00";"Wednesday";"February";2007;18;10;2;"Q1";"";3
781;"1998-02-19 00:00:00";"Thursday";"February";2007;19;10;2;"Q1";"";4
782;"1998-02-20 00:00:00";"Friday";"February";2007;20;10;2;"Q1";"";5
783;"1998-02-21 00:00:00";"Saturday";"February";2007;21;10;2;"Q1";"";6
784;"1998-02-22 00:00:00";"Sunday";"February";2007;22;11;2;"Q1";"";7
785;"1998-02-23 00:00:00";"Monday";"February";2007;23;11;2;"Q1";"";1
786;"1998-02-24 00:00:00";"Tuesday";"February";2007;24;11;2;"Q1";"";2
787;"1998-02-25 00:00:00";"Wednesday";"February";2007;25;11;2;"Q1";"";3
788;"1998-02-26 00:00:00";"Thursday";"February";2007;26;11;2;"Q1";"";4
789;"1998-02-27 00:00:00";"Friday";"February";2007;27;11;2;"Q1";"";5
790;"1998-02-28 00:00:00";"Saturday";"February";2007;28;11;2;"Q1";"";6
791;"1998-03-01 00:00:00";"Sunday";"March";2007;1;12;3;"Q1";"";7
792;"1998-03-02 00:00:00";"Monday";"March";2007;2;12;3;"Q1";"";1
793;"1998-03-03 00:00:00";"Tuesday";"March";2007;3;12;3;"Q1";"";2
794;"1998-03-04 00:00:00";"Wednesday";"March";2007;4;12;3;"Q1";"";3
795;"1998-03-05 00:00:00";"Thursday";"March";2007;5;12;3;"Q1";"";4
796;"1998-03-06 00:00:00";"Friday";"March";2007;6;12;3;"Q1";"";5
797;"1998-03-07 00:00:00";"Saturday";"March";2007;7;12;3;"Q1";"";6
798;"1998-03-08 00:00:00";"Sunday";"March";2007;8;13;3;"Q1";"";7
799;"1998-03-09 00:00:00";"Monday";"March";2007;9;13;3;"Q1";"";1
800;"1998-03-10 00:00:00";"Tuesday";"March";2007;10;13;3;"Q1";"";2
801;"1998-03-11 00:00:00";"Wednesday";"March";2007;11;13;3;"Q1";"";3
802;"1998-03-12 00:00:00";"Thursday";"March";2007;12;13;3;"Q1";"";4
803;"1998-03-13 00:00:00";"Friday";"March";2007;13;13;3;"Q1";"";5
804;"1998-03-14 00:00:00";"Saturday";"March";2007;14;13;3;"Q1";"";6
805;"1998-03-15 00:00:00";"Sunday";"March";2007;15;14;3;"Q1";"";7
806;"1998-03-16 00:00:00";"Monday";"March";2007;16;14;3;"Q1";"";1
807;"1998-03-17 00:00:00";"Tuesday";"March";2007;17;14;3;"Q1";"";2
808;"1998-03-18 00:00:00";"Wednesday";"March";2007;18;14;3;"Q1";"";3
809;"1998-03-19 00:00:00";"Thursday";"March";2007;19;14;3;"Q1";"";4
810;"1998-03-20 00:00:00";"Friday";"March";2007;20;14;3;"Q1";"";5
811;"1998-03-21 00:00:00";"Saturday";"March";2007;21;14;3;"Q1";"";6
812;"1998-03-22 00:00:00";"Sunday";"March";2007;22;15;3;"Q1";"";7
813;"1998-03-23 00:00:00";"Monday";"March";2007;23;15;3;"Q1";"";1
814;"1998-03-24 00:00:00";"Tuesday";"March";2007;24;15;3;"Q1";"";2
815;"1998-03-25 00:00:00";"Wednesday";"March";2007;25;15;3;"Q1";"";3
816;"1998-03-26 00:00:00";"Thursday";"March";2007;26;15;3;"Q1";"";4
817;"1998-03-27 00:00:00";"Friday";"March";2007;27;15;3;"Q1";"";5
818;"1998-03-28 00:00:00";"Saturday";"March";2007;28;15;3;"Q1";"";6
819;"1998-03-29 00:00:00";"Sunday";"March";2007;29;16;3;"Q1";"";7
820;"1998-03-30 00:00:00";"Monday";"March";2007;30;16;3;"Q1";"";1
821;"1998-03-31 00:00:00";"Tuesday";"March";2007;31;16;3;"Q1";"";2
822;"1998-04-01 00:00:00";"Wednesday";"April";2007;1;16;4;"Q2";"";3
823;"1998-04-02 00:00:00";"Thursday";"April";2007;2;16;4;"Q2";"";4
824;"1998-04-03 00:00:00";"Friday";"April";2007;3;16;4;"Q2";"";5
825;"1998-04-04 00:00:00";"Saturday";"April";2007;4;16;4;"Q2";"";6
826;"1998-04-05 00:00:00";"Sunday";"April";2007;5;17;4;"Q2";"";7
827;"1998-04-06 00:00:00";"Monday";"April";2007;6;17;4;"Q2";"";1
828;"1998-04-07 00:00:00";"Tuesday";"April";2007;7;17;4;"Q2";"";2
829;"1998-04-08 00:00:00";"Wednesday";"April";2007;8;17;4;"Q2";"";3
830;"1998-04-09 00:00:00";"Thursday";"April";2007;9;17;4;"Q2";"";4
831;"1998-04-10 00:00:00";"Friday";"April";2007;10;17;4;"Q2";"";5
832;"1998-04-11 00:00:00";"Saturday";"April";2007;11;17;4;"Q2";"";6
833;"1998-04-12 00:00:00";"Sunday";"April";2007;12;18;4;"Q2";"";7
834;"1998-04-13 00:00:00";"Monday";"April";2007;13;18;4;"Q2";"";1
835;"1998-04-14 00:00:00";"Tuesday";"April";2007;14;18;4;"Q2";"";2
836;"1998-04-15 00:00:00";"Wednesday";"April";2007;15;18;4;"Q2";"";3
837;"1998-04-16 00:00:00";"Thursday";"April";2007;16;18;4;"Q2";"";4
838;"1998-04-17 00:00:00";"Friday";"April";2007;17;18;4;"Q2";"";5
839;"1998-04-18 00:00:00";"Saturday";"April";2007;18;18;4;"Q2";"";6
840;"1998-04-19 00:00:00";"Sunday";"April";2007;19;19;4;"Q2";"";7
841;"1998-04-20 00:00:00";"Monday";"April";2007;20;19;4;"Q2";"";1
842;"1998-04-21 00:00:00";"Tuesday";"April";2007;21;19;4;"Q2";"";2
843;"1998-04-22 00:00:00";"Wednesday";"April";2007;22;19;4;"Q2";"";3
844;"1998-04-23 00:00:00";"Thursday";"April";2007;23;19;4;"Q2";"";4
845;"1998-04-24 00:00:00";"Friday";"April";2007;24;19;4;"Q2";"";5
846;"1998-04-25 00:00:00";"Saturday";"April";2007;25;19;4;"Q2";"";6
847;"1998-04-26 00:00:00";"Sunday";"April";2007;26;20;4;"Q2";"";7
848;"1998-04-27 00:00:00";"Monday";"April";2007;27;20;4;"Q2";"";1
849;"1998-04-28 00:00:00";"Tuesday";"April";2007;28;20;4;"Q2";"";2
850;"1998-04-29 00:00:00";"Wednesday";"April";2007;29;20;4;"Q2";"";3
851;"1998-04-30 00:00:00";"Thursday";"April";2007;30;20;4;"Q2";"";4
852;"1998-05-01 00:00:00";"Friday";"May";2007;1;20;5;"Q2";"";5
853;"1998-05-02 00:00:00";"Saturday";"May";2007;2;20;5;"Q2";"";6
854;"1998-05-03 00:00:00";"Sunday";"May";2007;3;21;5;"Q2";"";7
855;"1998-05-04 00:00:00";"Monday";"May";2007;4;21;5;"Q2";"";1
856;"1998-05-05 00:00:00";"Tuesday";"May";2007;5;21;5;"Q2";"";2
857;"1998-05-06 00:00:00";"Wednesday";"May";2007;6;21;5;"Q2";"";3
858;"1998-05-07 00:00:00";"Thursday";"May";2007;7;21;5;"Q2";"";4
859;"1998-05-08 00:00:00";"Friday";"May";2007;8;21;5;"Q2";"";5
860;"1998-05-09 00:00:00";"Saturday";"May";2007;9;21;5;"Q2";"";6
861;"1998-05-10 00:00:00";"Sunday";"May";2007;10;22;5;"Q2";"";7
862;"1998-05-11 00:00:00";"Monday";"May";2007;11;22;5;"Q2";"";1
863;"1998-05-12 00:00:00";"Tuesday";"May";2007;12;22;5;"Q2";"";2
864;"1998-05-13 00:00:00";"Wednesday";"May";2007;13;22;5;"Q2";"";3
865;"1998-05-14 00:00:00";"Thursday";"May";2007;14;22;5;"Q2";"";4
866;"1998-05-15 00:00:00";"Friday";"May";2007;15;22;5;"Q2";"";5
867;"1998-05-16 00:00:00";"Saturday";"May";2007;16;22;5;"Q2";"";6
868;"1998-05-17 00:00:00";"Sunday";"May";2007;17;23;5;"Q2";"";7
869;"1998-05-18 00:00:00";"Monday";"May";2007;18;23;5;"Q2";"";1
870;"1998-05-19 00:00:00";"Tuesday";"May";2007;19;23;5;"Q2";"";2
871;"1998-05-20 00:00:00";"Wednesday";"May";2007;20;23;5;"Q2";"";3
872;"1998-05-21 00:00:00";"Thursday";"May";2007;21;23;5;"Q2";"";4
873;"1998-05-22 00:00:00";"Friday";"May";2007;22;23;5;"Q2";"";5
874;"1998-05-23 00:00:00";"Saturday";"May";2007;23;23;5;"Q2";"";6
875;"1998-05-24 00:00:00";"Sunday";"May";2007;24;24;5;"Q2";"";7
876;"1998-05-25 00:00:00";"Monday";"May";2007;25;24;5;"Q2";"";1
877;"1998-05-26 00:00:00";"Tuesday";"May";2007;26;24;5;"Q2";"";2
878;"1998-05-27 00:00:00";"Wednesday";"May";2007;27;24;5;"Q2";"";3
879;"1998-05-28 00:00:00";"Thursday";"May";2007;28;24;5;"Q2";"";4
880;"1998-05-29 00:00:00";"Friday";"May";2007;29;24;5;"Q2";"";5
881;"1998-05-30 00:00:00";"Saturday";"May";2007;30;24;5;"Q2";"";6
882;"1998-05-31 00:00:00";"Sunday";"May";2007;31;25;5;"Q2";"";7
883;"1998-06-01 00:00:00";"Monday";"June";2007;1;25;6;"Q2";"";1
884;"1998-06-02 00:00:00";"Tuesday";"June";2007;2;25;6;"Q2";"";2
885;"1998-06-03 00:00:00";"Wednesday";"June";2007;3;25;6;"Q2";"";3
886;"1998-06-04 00:00:00";"Thursday";"June";2007;4;25;6;"Q2";"";4
887;"1998-06-05 00:00:00";"Friday";"June";2007;5;25;6;"Q2";"";5
888;"1998-06-06 00:00:00";"Saturday";"June";2007;6;25;6;"Q2";"";6
889;"1998-06-07 00:00:00";"Sunday";"June";2007;7;26;6;"Q2";"";7
890;"1998-06-08 00:00:00";"Monday";"June";2007;8;26;6;"Q2";"";1
891;"1998-06-09 00:00:00";"Tuesday";"June";2007;9;26;6;"Q2";"";2
892;"1998-06-10 00:00:00";"Wednesday";"June";2007;10;26;6;"Q2";"";3
893;"1998-06-11 00:00:00";"Thursday";"June";2007;11;26;6;"Q2";"";4
894;"1998-06-12 00:00:00";"Friday";"June";2007;12;26;6;"Q2";"";5
895;"1998-06-13 00:00:00";"Saturday";"June";2007;13;26;6;"Q2";"";6
896;"1998-06-14 00:00:00";"Sunday";"June";2007;14;27;6;"Q2";"";7
897;"1998-06-15 00:00:00";"Monday";"June";2007;15;27;6;"Q2";"";1
898;"1998-06-16 00:00:00";"Tuesday";"June";2007;16;27;6;"Q2";"";2
899;"1998-06-17 00:00:00";"Wednesday";"June";2007;17;27;6;"Q2";"";3
900;"1998-06-18 00:00:00";"Thursday";"June";2007;18;27;6;"Q2";"";4
901;"1998-06-19 00:00:00";"Friday";"June";2007;19;27;6;"Q2";"";5
902;"1998-06-20 00:00:00";"Saturday";"June";2007;20;27;6;"Q2";"";6
903;"1998-06-21 00:00:00";"Sunday";"June";2007;21;28;6;"Q2";"";7
904;"1998-06-22 00:00:00";"Monday";"June";2007;22;28;6;"Q2";"";1
905;"1998-06-23 00:00:00";"Tuesday";"June";2007;23;28;6;"Q2";"";2
906;"1998-06-24 00:00:00";"Wednesday";"June";2007;24;28;6;"Q2";"";3
907;"1998-06-25 00:00:00";"Thursday";"June";2007;25;28;6;"Q2";"";4
908;"1998-06-26 00:00:00";"Friday";"June";2007;26;28;6;"Q2";"";5
909;"1998-06-27 00:00:00";"Saturday";"June";2007;27;28;6;"Q2";"";6
910;"1998-06-28 00:00:00";"Sunday";"June";2007;28;29;6;"Q2";"";7
911;"1998-06-29 00:00:00";"Monday";"June";2007;29;29;6;"Q2";"";1
912;"1998-06-30 00:00:00";"Tuesday";"June";2007;30;29;6;"Q2";"";2
913;"1998-07-01 00:00:00";"Wednesday";"July";2007;1;29;7;"Q3";"";3
914;"1998-07-02 00:00:00";"Thursday";"July";2007;2;29;7;"Q3";"";4
915;"1998-07-03 00:00:00";"Friday";"July";2007;3;29;7;"Q3";"";5
916;"1998-07-04 00:00:00";"Saturday";"July";2007;4;29;7;"Q3";"";6
917;"1998-07-05 00:00:00";"Sunday";"July";2007;5;30;7;"Q3";"";7
918;"1998-07-06 00:00:00";"Monday";"July";2007;6;30;7;"Q3";"";1
919;"1998-07-07 00:00:00";"Tuesday";"July";2007;7;30;7;"Q3";"";2
920;"1998-07-08 00:00:00";"Wednesday";"July";2007;8;30;7;"Q3";"";3
921;"1998-07-09 00:00:00";"Thursday";"July";2007;9;30;7;"Q3";"";4
922;"1998-07-10 00:00:00";"Friday";"July";2007;10;30;7;"Q3";"";5
923;"1998-07-11 00:00:00";"Saturday";"July";2007;11;30;7;"Q3";"";6
924;"1998-07-12 00:00:00";"Sunday";"July";2007;12;31;7;"Q3";"";7
925;"1998-07-13 00:00:00";"Monday";"July";2007;13;31;7;"Q3";"";1
926;"1998-07-14 00:00:00";"Tuesday";"July";2007;14;31;7;"Q3";"";2
927;"1998-07-15 00:00:00";"Wednesday";"July";2007;15;31;7;"Q3";"";3
928;"1998-07-16 00:00:00";"Thursday";"July";2007;16;31;7;"Q3";"";4
929;"1998-07-17 00:00:00";"Friday";"July";2007;17;31;7;"Q3";"";5
930;"1998-07-18 00:00:00";"Saturday";"July";2007;18;31;7;"Q3";"";6
931;"1998-07-19 00:00:00";"Sunday";"July";2007;19;32;7;"Q3";"";7
932;"1998-07-20 00:00:00";"Monday";"July";2007;20;32;7;"Q3";"";1
933;"1998-07-21 00:00:00";"Tuesday";"July";2007;21;32;7;"Q3";"";2
934;"1998-07-22 00:00:00";"Wednesday";"July";2007;22;32;7;"Q3";"";3
935;"1998-07-23 00:00:00";"Thursday";"July";2007;23;32;7;"Q3";"";4
936;"1998-07-24 00:00:00";"Friday";"July";2007;24;32;7;"Q3";"";5
937;"1998-07-25 00:00:00";"Saturday";"July";2007;25;32;7;"Q3";"";6
938;"1998-07-26 00:00:00";"Sunday";"July";2007;26;33;7;"Q3";"";7
939;"1998-07-27 00:00:00";"Monday";"July";2007;27;33;7;"Q3";"";1
940;"1998-07-28 00:00:00";"Tuesday";"July";2007;28;33;7;"Q3";"";2
941;"1998-07-29 00:00:00";"Wednesday";"July";2007;29;33;7;"Q3";"";3
942;"1998-07-30 00:00:00";"Thursday";"July";2007;30;33;7;"Q3";"";4
943;"1998-07-31 00:00:00";"Friday";"July";2007;31;33;7;"Q3";"";5
944;"1998-08-01 00:00:00";"Saturday";"August";2007;1;33;8;"Q3";"";6
945;"1998-08-02 00:00:00";"Sunday";"August";2007;2;34;8;"Q3";"";7
946;"1998-08-03 00:00:00";"Monday";"August";2007;3;34;8;"Q3";"";1
947;"1998-08-04 00:00:00";"Tuesday";"August";2007;4;34;8;"Q3";"";2
948;"1998-08-05 00:00:00";"Wednesday";"August";2007;5;34;8;"Q3";"";3
949;"1998-08-06 00:00:00";"Thursday";"August";2007;6;34;8;"Q3";"";4
950;"1998-08-07 00:00:00";"Friday";"August";2007;7;34;8;"Q3";"";5
951;"1998-08-08 00:00:00";"Saturday";"August";2007;8;34;8;"Q3";"";6
952;"1998-08-09 00:00:00";"Sunday";"August";2007;9;35;8;"Q3";"";7
953;"1998-08-10 00:00:00";"Monday";"August";2007;10;35;8;"Q3";"";1
954;"1998-08-11 00:00:00";"Tuesday";"August";2007;11;35;8;"Q3";"";2
955;"1998-08-12 00:00:00";"Wednesday";"August";2007;12;35;8;"Q3";"";3
956;"1998-08-13 00:00:00";"Thursday";"August";2007;13;35;8;"Q3";"";4
957;"1998-08-14 00:00:00";"Friday";"August";2007;14;35;8;"Q3";"";5
958;"1998-08-15 00:00:00";"Saturday";"August";2007;15;35;8;"Q3";"";6
959;"1998-08-16 00:00:00";"Sunday";"August";2007;16;36;8;"Q3";"";7
960;"1998-08-17 00:00:00";"Monday";"August";2007;17;36;8;"Q3";"";1
961;"1998-08-18 00:00:00";"Tuesday";"August";2007;18;36;8;"Q3";"";2
962;"1998-08-19 00:00:00";"Wednesday";"August";2007;19;36;8;"Q3";"";3
963;"1998-08-20 00:00:00";"Thursday";"August";2007;20;36;8;"Q3";"";4
964;"1998-08-21 00:00:00";"Friday";"August";2007;21;36;8;"Q3";"";5
965;"1998-08-22 00:00:00";"Saturday";"August";2007;22;36;8;"Q3";"";6
966;"1998-08-23 00:00:00";"Sunday";"August";2007;23;37;8;"Q3";"";7
967;"1998-08-24 00:00:00";"Monday";"August";2007;24;37;8;"Q3";"";1
968;"1998-08-25 00:00:00";"Tuesday";"August";2007;25;37;8;"Q3";"";2
969;"1998-08-26 00:00:00";"Wednesday";"August";2007;26;37;8;"Q3";"";3
970;"1998-08-27 00:00:00";"Thursday";"August";2007;27;37;8;"Q3";"";4
971;"1998-08-28 00:00:00";"Friday";"August";2007;28;37;8;"Q3";"";5
972;"1998-08-29 00:00:00";"Saturday";"August";2007;29;37;8;"Q3";"";6
973;"1998-08-30 00:00:00";"Sunday";"August";2007;30;38;8;"Q3";"";7
974;"1998-08-31 00:00:00";"Monday";"August";2007;31;38;8;"Q3";"";1
975;"1998-09-01 00:00:00";"Tuesday";"September";2007;1;38;9;"Q3";"";2
976;"1998-09-02 00:00:00";"Wednesday";"September";2007;2;38;9;"Q3";"";3
977;"1998-09-03 00:00:00";"Thursday";"September";2007;3;38;9;"Q3";"";4
978;"1998-09-04 00:00:00";"Friday";"September";2007;4;38;9;"Q3";"";5
979;"1998-09-05 00:00:00";"Saturday";"September";2007;5;38;9;"Q3";"";6
980;"1998-09-06 00:00:00";"Sunday";"September";2007;6;39;9;"Q3";"";7
981;"1998-09-07 00:00:00";"Monday";"September";2007;7;39;9;"Q3";"";1
982;"1998-09-08 00:00:00";"Tuesday";"September";2007;8;39;9;"Q3";"";2
983;"1998-09-09 00:00:00";"Wednesday";"September";2007;9;39;9;"Q3";"";3
984;"1998-09-10 00:00:00";"Thursday";"September";2007;10;39;9;"Q3";"";4
985;"1998-09-11 00:00:00";"Friday";"September";2007;11;39;9;"Q3";"";5
986;"1998-09-12 00:00:00";"Saturday";"September";2007;12;39;9;"Q3";"";6
987;"1998-09-13 00:00:00";"Sunday";"September";2007;13;40;9;"Q3";"";7
988;"1998-09-14 00:00:00";"Monday";"September";2007;14;40;9;"Q3";"";1
989;"1998-09-15 00:00:00";"Tuesday";"September";2007;15;40;9;"Q3";"";2
990;"1998-09-16 00:00:00";"Wednesday";"September";2007;16;40;9;"Q3";"";3
991;"1998-09-17 00:00:00";"Thursday";"September";2007;17;40;9;"Q3";"";4
992;"1998-09-18 00:00:00";"Friday";"September";2007;18;40;9;"Q3";"";5
993;"1998-09-19 00:00:00";"Saturday";"September";2007;19;40;9;"Q3";"";6
994;"1998-09-20 00:00:00";"Sunday";"September";2007;20;41;9;"Q3";"";7
995;"1998-09-21 00:00:00";"Monday";"September";2007;21;41;9;"Q3";"";1
996;"1998-09-22 00:00:00";"Tuesday";"September";2007;22;41;9;"Q3";"";2
997;"1998-09-23 00:00:00";"Wednesday";"September";2007;23;41;9;"Q3";"";3
998;"1998-09-24 00:00:00";"Thursday";"September";2007;24;41;9;"Q3";"";4
999;"1998-09-25 00:00:00";"Friday";"September";2007;25;41;9;"Q3";"";5
1000;"1998-09-26 00:00:00";"Saturday";"September";2007;26;41;9;"Q3";"";6
1001;"1998-09-27 00:00:00";"Sunday";"September";2007;27;42;9;"Q3";"";7
1002;"1998-09-28 00:00:00";"Monday";"September";2007;28;42;9;"Q3";"";1
1003;"1998-09-29 00:00:00";"Tuesday";"September";2007;29;42;9;"Q3";"";2
1004;"1998-09-30 00:00:00";"Wednesday";"September";2007;30;42;9;"Q3";"";3
1005;"1998-10-01 00:00:00";"Thursday";"October";2007;1;42;10;"Q4";"";4
1006;"1998-10-02 00:00:00";"Friday";"October";2007;2;42;10;"Q4";"";5
1007;"1998-10-03 00:00:00";"Saturday";"October";2007;3;42;10;"Q4";"";6
1008;"1998-10-04 00:00:00";"Sunday";"October";2007;4;43;10;"Q4";"";7
1009;"1998-10-05 00:00:00";"Monday";"October";2007;5;43;10;"Q4";"";1
1010;"1998-10-06 00:00:00";"Tuesday";"October";2007;6;43;10;"Q4";"";2
1011;"1998-10-07 00:00:00";"Wednesday";"October";2007;7;43;10;"Q4";"";3
1012;"1998-10-08 00:00:00";"Thursday";"October";2007;8;43;10;"Q4";"";4
1013;"1998-10-09 00:00:00";"Friday";"October";2007;9;43;10;"Q4";"";5
1014;"1998-10-10 00:00:00";"Saturday";"October";2007;10;43;10;"Q4";"";6
1015;"1998-10-11 00:00:00";"Sunday";"October";2007;11;44;10;"Q4";"";7
1016;"1998-10-12 00:00:00";"Monday";"October";2007;12;44;10;"Q4";"";1
1017;"1998-10-13 00:00:00";"Tuesday";"October";2007;13;44;10;"Q4";"";2
1018;"1998-10-14 00:00:00";"Wednesday";"October";2007;14;44;10;"Q4";"";3
1019;"1998-10-15 00:00:00";"Thursday";"October";2007;15;44;10;"Q4";"";4
1020;"1998-10-16 00:00:00";"Friday";"October";2007;16;44;10;"Q4";"";5
1021;"1998-10-17 00:00:00";"Saturday";"October";2007;17;44;10;"Q4";"";6
1022;"1998-10-18 00:00:00";"Sunday";"October";2007;18;45;10;"Q4";"";7
1023;"1998-10-19 00:00:00";"Monday";"October";2007;19;45;10;"Q4";"";1
1024;"1998-10-20 00:00:00";"Tuesday";"October";2007;20;45;10;"Q4";"";2
1025;"1998-10-21 00:00:00";"Wednesday";"October";2007;21;45;10;"Q4";"";3
1026;"1998-10-22 00:00:00";"Thursday";"October";2007;22;45;10;"Q4";"";4
1027;"1998-10-23 00:00:00";"Friday";"October";2007;23;45;10;"Q4";"";5
1028;"1998-10-24 00:00:00";"Saturday";"October";2007;24;45;10;"Q4";"";6
1029;"1998-10-25 00:00:00";"Sunday";"October";2007;25;46;10;"Q4";"";7
1030;"1998-10-26 00:00:00";"Monday";"October";2007;26;46;10;"Q4";"";1
1031;"1998-10-27 00:00:00";"Tuesday";"October";2007;27;46;10;"Q4";"";2
1032;"1998-10-28 00:00:00";"Wednesday";"October";2007;28;46;10;"Q4";"";3
1033;"1998-10-29 00:00:00";"Thursday";"October";2007;29;46;10;"Q4";"";4
1034;"1998-10-30 00:00:00";"Friday";"October";2007;30;46;10;"Q4";"";5
1035;"1998-10-31 00:00:00";"Saturday";"October";2007;31;46;10;"Q4";"";6
1036;"1998-11-01 00:00:00";"Sunday";"November";2007;1;47;11;"Q4";"";7
1037;"1998-11-02 00:00:00";"Monday";"November";2007;2;47;11;"Q4";"";1
1038;"1998-11-03 00:00:00";"Tuesday";"November";2007;3;47;11;"Q4";"";2
1039;"1998-11-04 00:00:00";"Wednesday";"November";2007;4;47;11;"Q4";"";3
1040;"1998-11-05 00:00:00";"Thursday";"November";2007;5;47;11;"Q4";"";4
1041;"1998-11-06 00:00:00";"Friday";"November";2007;6;47;11;"Q4";"";5
1042;"1998-11-07 00:00:00";"Saturday";"November";2007;7;47;11;"Q4";"";6
1043;"1998-11-08 00:00:00";"Sunday";"November";2007;8;48;11;"Q4";"";7
1044;"1998-11-09 00:00:00";"Monday";"November";2007;9;48;11;"Q4";"";1
1045;"1998-11-10 00:00:00";"Tuesday";"November";2007;10;48;11;"Q4";"";2
1046;"1998-11-11 00:00:00";"Wednesday";"November";2007;11;48;11;"Q4";"";3
1047;"1998-11-12 00:00:00";"Thursday";"November";2007;12;48;11;"Q4";"";4
1048;"1998-11-13 00:00:00";"Friday";"November";2007;13;48;11;"Q4";"";5
1049;"1998-11-14 00:00:00";"Saturday";"November";2007;14;48;11;"Q4";"";6
1050;"1998-11-15 00:00:00";"Sunday";"November";2007;15;49;11;"Q4";"";7
1051;"1998-11-16 00:00:00";"Monday";"November";2007;16;49;11;"Q4";"";1
1052;"1998-11-17 00:00:00";"Tuesday";"November";2007;17;49;11;"Q4";"";2
1053;"1998-11-18 00:00:00";"Wednesday";"November";2007;18;49;11;"Q4";"";3
1054;"1998-11-19 00:00:00";"Thursday";"November";2007;19;49;11;"Q4";"";4
1055;"1998-11-20 00:00:00";"Friday";"November";2007;20;49;11;"Q4";"";5
1056;"1998-11-21 00:00:00";"Saturday";"November";2007;21;49;11;"Q4";"";6
1057;"1998-11-22 00:00:00";"Sunday";"November";2007;22;50;11;"Q4";"";7
1058;"1998-11-23 00:00:00";"Monday";"November";2007;23;50;11;"Q4";"";1
1059;"1998-11-24 00:00:00";"Tuesday";"November";2007;24;50;11;"Q4";"";2
1060;"1998-11-25 00:00:00";"Wednesday";"November";2007;25;50;11;"Q4";"";3
1061;"1998-11-26 00:00:00";"Thursday";"November";2007;26;50;11;"Q4";"";4
1062;"1998-11-27 00:00:00";"Friday";"November";2007;27;50;11;"Q4";"";5
1063;"1998-11-28 00:00:00";"Saturday";"November";2007;28;50;11;"Q4";"";6
1064;"1998-11-29 00:00:00";"Sunday";"November";2007;29;51;11;"Q4";"";7
1065;"1998-11-30 00:00:00";"Monday";"November";2007;30;51;11;"Q4";"";1
1066;"1998-12-01 00:00:00";"Tuesday";"December";2007;1;51;12;"Q4";"";2
1067;"1998-12-02 00:00:00";"Wednesday";"December";2007;2;51;12;"Q4";"";3
1068;"1998-12-03 00:00:00";"Thursday";"December";2007;3;51;12;"Q4";"";4
1069;"1998-12-04 00:00:00";"Friday";"December";2007;4;51;12;"Q4";"";5
1070;"1998-12-05 00:00:00";"Saturday";"December";2007;5;51;12;"Q4";"";6
1071;"1998-12-06 00:00:00";"Sunday";"December";2007;6;52;12;"Q4";"";7
1072;"1998-12-07 00:00:00";"Monday";"December";2007;7;1;12;"Q4";"";1
1073;"1998-12-08 00:00:00";"Tuesday";"December";2007;8;1;12;"Q4";"";2
1074;"1998-12-09 00:00:00";"Wednesday";"December";2007;9;1;12;"Q4";"";3
1075;"1998-12-10 00:00:00";"Thursday";"December";2007;10;1;12;"Q4";"";4
1076;"1998-12-11 00:00:00";"Friday";"December";2007;11;1;12;"Q4";"";5
1077;"1998-12-12 00:00:00";"Saturday";"December";2007;12;1;12;"Q4";"";6
1078;"1998-12-13 00:00:00";"Sunday";"December";2007;13;2;12;"Q4";"";7
1079;"1998-12-14 00:00:00";"Monday";"December";2007;14;2;12;"Q4";"";1
1080;"1998-12-15 00:00:00";"Tuesday";"December";2007;15;2;12;"Q4";"";2
1081;"1998-12-16 00:00:00";"Wednesday";"December";2007;16;2;12;"Q4";"";3
1082;"1998-12-17 00:00:00";"Thursday";"December";2007;17;2;12;"Q4";"";4
1083;"1998-12-18 00:00:00";"Friday";"December";2007;18;2;12;"Q4";"";5
1084;"1998-12-19 00:00:00";"Saturday";"December";2007;19;2;12;"Q4";"";6
1085;"1998-12-20 00:00:00";"Sunday";"December";2007;20;3;12;"Q4";"";7
1086;"1998-12-21 00:00:00";"Monday";"December";2007;21;3;12;"Q4";"";1
1087;"1998-12-22 00:00:00";"Tuesday";"December";2007;22;3;12;"Q4";"";2
1088;"1998-12-23 00:00:00";"Wednesday";"December";2007;23;3;12;"Q4";"";3
1089;"1998-12-24 00:00:00";"Thursday";"December";2007;24;3;12;"Q4";"";4
1090;"1998-12-25 00:00:00";"Friday";"December";2007;25;3;12;"Q4";"";5
1091;"1998-12-26 00:00:00";"Saturday";"December";2007;26;3;12;"Q4";"";6
1092;"1998-12-27 00:00:00";"Sunday";"December";2007;27;4;12;"Q4";"";7
1093;"1998-12-28 00:00:00";"Monday";"December";2007;28;4;12;"Q4";"";1
1094;"1998-12-29 00:00:00";"Tuesday";"December";2007;29;4;12;"Q4";"";2
1095;"1998-12-30 00:00:00";"Wednesday";"December";2007;30;4;12;"Q4";"";3
1096;"1998-12-31 00:00:00";"Thursday";"December";2007;31;4;12;"Q4";"";4
